{
    "density": 0.22674528786669731,
    "good_for_dinner": 0.05238876800261729,
    "ischain": 0.04402217087472706,
    "good_for_lunch": 0.03190386044120897,
    "Fast Food": 0.030005167650698935,
    "Food": 0.018349958368383223,
    "Sandwiches": 0.01783367128098664,
    "American (Traditional)": 0.017479587689256382,
    "Chicken Wings": 0.01674338664266915,
    "American (New)": 0.015415804857734354
}