{
    "ischain": 0.16436125022082648,
    "density": 0.09198117047003088,
    "Fast Food": 0.07276132898951529,
    "Burgers": 0.030602313127040412,
    "good_for_dinner": 0.02915576934455907,
    "Food": 0.027888842384137264,
    "good_for_lunch": 0.022134074913982806,
    "American (Traditional)": 0.019737370381874193,
    "Desserts": 0.017336581828913334,
    "Sandwiches": 0.016157876900336838
}