{
    "density": 0.11617444336387749,
    "ischain": 0.029312411163327817,
    "Music Venues": 0.026655975750959973,
    "Hair Extensions": 0.02398644681728903,
    "Ice Cream & Frozen Yogurt": 0.022959288361119164,
    "Home Services": 0.01891885472339962,
    "Outlet Stores": 0.016921438685742824,
    "Security Systems": 0.016166362910868134,
    "Fishing": 0.014042401084248597,
    "Framing": 0.013109955393867402
}