{
    "density": 0.09547258174542542,
    "ischain": 0.0853948853105755,
    "Jewelry": 0.026817708493861097,
    "Florists": 0.02546792750068946,
    "Flowers & Gifts": 0.02491230973237487,
    "Department Stores": 0.022492392865865664,
    "Drugstores": 0.021731420500041267,
    "Food": 0.020364280443982922,
    "Sporting Goods": 0.018361244933472454,
    "Grocery": 0.01609530448231408
}