{
    "density": 0.29040424684726845,
    "good_for_dinner": 0.03308997608874139,
    "good_for_lunch": 0.026432628581979166,
    "ischain": 0.020767846525001667,
    "Sandwiches": 0.018431738610867783,
    "American (Traditional)": 0.01660535200557251,
    "Breakfast & Brunch": 0.016228161569191824,
    "Pizza": 0.01615047042818385,
    "Food": 0.015732623552284254,
    "American (New)": 0.014676598265581202
}