{
    "ischain": 0.1770800850240016,
    "density": 0.09299265807644747,
    "Fast Food": 0.03663712130470002,
    "Burgers": 0.027841145012297185,
    "good_for_dinner": 0.024971434414681616,
    "Food": 0.023485384267458338,
    "good_for_lunch": 0.020248025415847314,
    "Pizza": 0.01842001883901692,
    "Vegan": 0.017253193761059812,
    "Chinese": 0.015753052177595747
}