{
    "density": 0.10279564932904901,
    "Computers": 0.043352104906009784,
    "ischain": 0.02745000378966927,
    "Framing": 0.020735270790517298,
    "Electronics": 0.020728416271750708,
    "Special Education": 0.018531412316176537,
    "Photographers": 0.017670826942846336,
    "Music Venues": 0.01686386309631638,
    "Toy Stores": 0.016276127197348833,
    "Newspapers & Magazines": 0.016249987550274275
}