{
    "density": 0.14680536938958025,
    "ischain": 0.06216049282594306,
    "Jewelry": 0.02509390297918037,
    "Arts & Entertainment": 0.02081185241968331,
    "Sporting Goods": 0.014364945324366017,
    "Furniture Stores": 0.013850873754850324,
    "Accessories": 0.013234514656623524,
    "Kitchen & Bath": 0.012919312542937713,
    "Jewelry Repair": 0.012886336803002787,
    "Florists": 0.011382967929280159
}