{
    "density": 0.20228084507516436,
    "good_for_lunch": 0.029911589543621102,
    "good_for_dinner": 0.029430463406393624,
    "ischain": 0.025853861327421485,
    "Sandwiches": 0.02470063509682111,
    "Italian": 0.020484652259918086,
    "American (Traditional)": 0.018688590960369372,
    "Food": 0.018516136139616914,
    "American (New)": 0.018343601164882803,
    "Indian": 0.018021383339814068
}