{
    "density": 0.16842084532532955,
    "ischain": 0.09344949874388538,
    "good_for_dinner": 0.023991465085072123,
    "good_for_lunch": 0.021935271195033176,
    "American (Traditional)": 0.019557997217662017,
    "Sandwiches": 0.019513498450713727,
    "Cafes": 0.018438658362196197,
    "Fast Food": 0.01811261000790582,
    "Burgers": 0.016581292689618957,
    "Pizza": 0.015756036730801
}