{
    "density": 0.2089747611729395,
    "ischain": 0.059982616342181896,
    "good_for_dinner": 0.036937008935851084,
    "good_for_lunch": 0.03632790928232497,
    "Fast Food": 0.035002375839956745,
    "good_for_breakfast": 0.020457398499620007,
    "Mexican": 0.019068796074104923,
    "Food": 0.018811974957320378,
    "American (New)": 0.016548746000823802,
    "Burgers": 0.01651062158805746
}