{
    "ischain": 0.11724575743230926,
    "density": 0.10353408864320128,
    "Fast Food": 0.04748199153088593,
    "Food Trucks": 0.038403108245517514,
    "Burgers": 0.02649819266466768,
    "Food": 0.026335949947406928,
    "good_for_dinner": 0.022506424069592888,
    "Chicken Wings": 0.021171484018296622,
    "Cafes": 0.019425426188164254,
    "good_for_lunch": 0.018679136073853467
}