{
    "density": 0.11405892096966654,
    "Women's Clothing": 0.029206519934727126,
    "Fashion": 0.029178217351833024,
    "Local Services": 0.028395727186390843,
    "Home Services": 0.019432971851913106,
    "Health & Medical": 0.017991527438206256,
    "Home & Garden": 0.01598938754525313,
    "Fireplace Services": 0.01513501980180837,
    "Swimwear": 0.013901598610158751,
    "Bridal": 0.013346724992740575
}