{
    "ischain": 0.12985280221213522,
    "density": 0.06539108630441055,
    "Drugstores": 0.04336587975174362,
    "Department Stores": 0.028338726026934935,
    "Convenience Stores": 0.02559271217699811,
    "Fashion": 0.017736523745030604,
    "Electronics": 0.017586725827780345,
    "Flowers & Gifts": 0.016430291677645772,
    "Event Planning & Services": 0.015433813691195068,
    "Mobile Phones": 0.015214162034335963
}