{
    "positive_coefficients": {
        "good_for_dinner": 0.880177784982158,
        "ischain": 0.7408041499540579,
        "Chinese": 0.635147439328984,
        "Pizza": 0.6081369108219749,
        "Coffee & Tea": 0.5362503930334728,
        "Latin American": 0.5346224876767451,
        "Sports Bars": 0.39837784441978635,
        "Food": 0.3899610519062256,
        "Grocery": 0.34330123865080026,
        "Soup": 0.33811259759380174
    },
    "negative_coefficients": {
        "Soul Food": -0.22324261437555143,
        "Vietnamese": -0.25190130399084787,
        "Bagels": -0.25282963988816887,
        "Italian": -0.2685812391904374,
        "Diners": -0.27268723749859003,
        "Creperies": -0.3523207742593861,
        "Buffets": -0.4171882045210082,
        "American (New)": -0.44845333088807604,
        "Asian Fusion": -0.45417175986013597,
        "Indian": -0.4564059047212557
    }
}