{
    "density": 0.24214579021774935,
    "good_for_dinner": 0.03518037892351208,
    "ischain": 0.02930438558388074,
    "Sandwiches": 0.023018073638715476,
    "good_for_lunch": 0.02288907752358145,
    "Pizza": 0.022592967345979077,
    "Chinese": 0.01958686165445581,
    "American (New)": 0.019157278431168552,
    "Food": 0.01902583550589904,
    "American (Traditional)": 0.01864737909401989
}