{
    "ischain": 0.13559552580206247,
    "density": 0.10179750490583496,
    "Fast Food": 0.04886990071762069,
    "good_for_lunch": 0.02512314260557502,
    "Burgers": 0.02361475166029678,
    "American (Traditional)": 0.02288376465065434,
    "good_for_dinner": 0.021975934004239934,
    "Diners": 0.016917411676031585,
    "Chicken Wings": 0.016770792700517515,
    "Cafes": 0.016605114341462893
}