{
    "density": 0.1091300028037448,
    "Home Services": 0.033940034106543435,
    "Health & Medical": 0.026139293000371336,
    "Fashion": 0.022843258975454743,
    "Mobile Phones": 0.021362341174818125,
    "ischain": 0.019676892921114856,
    "Local Services": 0.016279656529738763,
    "Vintage & Consignment": 0.014162911060612092,
    "Music Venues": 0.013011857684188912,
    "Electronics": 0.012426060748525784
}