{
    "density": 0.15959211056644867,
    "ischain": 0.11606979395544036,
    "Drugstores": 0.034691976610285724,
    "Department Stores": 0.023504161348609727,
    "Jewelry": 0.017818950892904015,
    "Arts & Entertainment": 0.015985988169740274,
    "Grocery": 0.013582585614086894,
    "Flowers & Gifts": 0.011720214832315801,
    "Art Galleries": 0.011100503871836342,
    "Books": 0.010942727827646919
}