{
    "density": 0.12339277926383956,
    "Women's Clothing": 0.02525365952238942,
    "Fashion": 0.022307065976683513,
    "Vintage & Consignment": 0.02029045711464656,
    "Thrift Stores": 0.018422730533952054,
    "ischain": 0.01730461224422217,
    "Maternity Wear": 0.016222771972342082,
    "Shoe Stores": 0.015303908734589266,
    "Home Services": 0.014818197469189496,
    "Accessories": 0.013553243454262918
}