{
    "ischain": 0.13886106256624084,
    "density": 0.09707928918985685,
    "Drugstores": 0.032300090839405604,
    "Arts & Entertainment": 0.029241748784983593,
    "Convenience Stores": 0.027292879883018935,
    "Department Stores": 0.026867670101836442,
    "Art Galleries": 0.026540404835726745,
    "Discount Store": 0.02212315693594609,
    "Food": 0.016811576836107366,
    "Mobile Phones": 0.01597192453080749
}