{
    "density": 0.22053374261885691,
    "ischain": 0.021952261830856332,
    "Fashion": 0.021337473309934452,
    "Health & Medical": 0.015897431285788535,
    "Home Services": 0.014108656804561158,
    "Local Services": 0.013846339939416273,
    "Drugstores": 0.013817820694001885,
    "Food": 0.010641247756591019,
    "Women's Clothing": 0.01062584728700946,
    "Home & Garden": 0.010441555591478071
}