{
    "ischain": 0.17443209721700761,
    "density": 0.10803805600510755,
    "Department Stores": 0.0352971901012829,
    "Drugstores": 0.02763166891686026,
    "Convenience Stores": 0.023932181752200198,
    "Food": 0.019087201209646572,
    "Jewelry": 0.018084352593249687,
    "Mobile Phones": 0.016781182083105833,
    "Arts & Entertainment": 0.01667732913211588,
    "Art Galleries": 0.013972154490921495
}