{
    "density": 0.12486322780129727,
    "Outlet Stores": 0.027989521439711312,
    "Computers": 0.027557096495716936,
    "Desserts": 0.026008682071648314,
    "ischain": 0.024973663602395318,
    "Fashion": 0.023366145722793788,
    "Candle Stores": 0.020578185476543224,
    "Electronics": 0.018928864620016184,
    "Used Bookstore": 0.018513611282568034,
    "Department Stores": 0.018347903258748882
}