{
    "density": 0.07731380042176408,
    "ischain": 0.060608311277277914,
    "Drugstores": 0.032952406364147056,
    "Department Stores": 0.02264794064954279,
    "Mobile Phones": 0.017912640659704094,
    "Home Services": 0.017143885999997402,
    "Electronics": 0.015617666857131006,
    "Sporting Goods": 0.014778564919946495,
    "Comic Books": 0.014681917141036727,
    "Local Services": 0.013540453366802643
}