{
    "density": 0.12911155166854926,
    "ischain": 0.02933669848822315,
    "Music & Video": 0.021546028828380855,
    "Mags": 0.02105337143746304,
    "Gun/Rifle Ranges": 0.020740107811152347,
    "Books": 0.02062074895439459,
    "Sunglasses": 0.01892551623993843,
    "Local Services": 0.018735502954361126,
    "Mountain Biking": 0.017439081235817826,
    "Video Game Stores": 0.016281743748311685
}