{
    "ischain": 0.12344711252478806,
    "density": 0.09807395726102175,
    "Department Stores": 0.05274868674828725,
    "Drugstores": 0.02746930343421291,
    "Arts & Entertainment": 0.02559465789228483,
    "Grocery": 0.020409618174241778,
    "Electronics": 0.017799059850986176,
    "Mobile Phones": 0.015019753384375296,
    "Fashion": 0.014795952269889993,
    "Men's Clothing": 0.01365628676585253
}