{
    "density": 0.14478573897645047,
    "ischain": 0.09181946884560672,
    "Fast Food": 0.0668765074364125,
    "American (New)": 0.027198916991289023,
    "good_for_dinner": 0.02613159779493873,
    "good_for_lunch": 0.024973084793953743,
    "Burgers": 0.023133681583315295,
    "Chicken Wings": 0.020900816117776992,
    "American (Traditional)": 0.02073116713128289,
    "Italian": 0.0194847338478073
}