{
    "density": 0.1932585173436931,
    "ischain": 0.10441114603368637,
    "Fast Food": 0.049523924639916735,
    "good_for_dinner": 0.028924261402788115,
    "Burgers": 0.026491777073400714,
    "good_for_lunch": 0.025469351672470015,
    "American (Traditional)": 0.02187826056700211,
    "Food": 0.02151975756728979,
    "Sandwiches": 0.020201452517497612,
    "Pizza": 0.0175280235601843
}