{
    "density": 0.2159158662322257,
    "ischain": 0.03818545408370231,
    "good_for_dinner": 0.03252456564228146,
    "Fast Food": 0.029140641312867407,
    "good_for_lunch": 0.025129539504762016,
    "American (Traditional)": 0.019196136741210446,
    "Food": 0.018462074545733835,
    "American (New)": 0.01736945481871624,
    "Sandwiches": 0.017124237033776805,
    "Burgers": 0.015472851487894632
}