{
    "density": 0.17951283557810924,
    "ischain": 0.12113259308043221,
    "Fast Food": 0.045847039136613775,
    "Burgers": 0.02115216320651192,
    "good_for_lunch": 0.020594551709979245,
    "good_for_dinner": 0.018738629797978943,
    "Sandwiches": 0.016782573196685864,
    "American (Traditional)": 0.015691642193051327,
    "American (New)": 0.015525008249393539,
    "Food": 0.015341335653543946
}