{
    "density": 0.17226810876128681,
    "Maternity Wear": 0.028886203158055263,
    "ischain": 0.018561568341669683,
    "Women's Clothing": 0.016959961267527354,
    "Local Services": 0.013715671086108388,
    "Community Centers": 0.01305260664358799,
    "Accessories": 0.012397902856075277,
    "Home Services": 0.012342595239573803,
    "Drugstores": 0.012275673046425399,
    "Fashion": 0.012085767997830907
}