{
    "density": 0.20754039468892743,
    "ischain": 0.039501659901385724,
    "Antiques": 0.014860738987980945,
    "Fashion": 0.013752942703110503,
    "Food": 0.013460690179269166,
    "Jewelry": 0.013327768051501846,
    "Home & Garden": 0.012129454995097114,
    "Accessories": 0.012107836147553288,
    "Women's Clothing": 0.01207725400776124,
    "Arts & Crafts": 0.01066947571725132
}