{
    "density": 0.21856530333027793,
    "ischain": 0.06421960234437271,
    "good_for_dinner": 0.03992999514815067,
    "Fast Food": 0.03815036606463163,
    "good_for_lunch": 0.02341425137414253,
    "American (New)": 0.018786539989981157,
    "American (Traditional)": 0.018150808654510662,
    "Food": 0.017593513887160413,
    "Burgers": 0.017257273680443212,
    "Sandwiches": 0.016994705653602765
}