{
    "ischain": 0.16939861637063414,
    "density": 0.0993888317514307,
    "Fast Food": 0.08941017055580558,
    "good_for_dinner": 0.03674077315637567,
    "good_for_lunch": 0.03582700077690064,
    "Burgers": 0.033127871347088715,
    "Chicken Wings": 0.017997303045036855,
    "Food": 0.01680626416256559,
    "American (Traditional)": 0.015330274285914991,
    "Sports Bars": 0.014989806796304064
}