{
    "density": 0.13004020361972507,
    "good_for_dinner": 0.0707662934397302,
    "good_for_lunch": 0.06059722430272001,
    "Food": 0.02332330816865427,
    "Breakfast & Brunch": 0.022574306531052364,
    "American (New)": 0.020165340695789263,
    "good_for_breakfast": 0.01859080371143763,
    "Sandwiches": 0.018539463505668506,
    "Salad": 0.017299428609360894,
    "American (Traditional)": 0.015584953530133906
}