{
    "density": 0.1628424578555314,
    "ischain": 0.07065772398699152,
    "Fast Food": 0.03344162822607265,
    "good_for_lunch": 0.02488715399976485,
    "Food": 0.024040007545830383,
    "good_for_dinner": 0.023382676245350176,
    "Breakfast & Brunch": 0.017941636209486012,
    "American (New)": 0.017520115414672823,
    "Chinese": 0.017049586006963637,
    "Sandwiches": 0.016731145413995337
}