{
    "density": 0.23577340069560374,
    "ischain": 0.05058343952473009,
    "good_for_dinner": 0.03549062334009923,
    "good_for_lunch": 0.027091399081673767,
    "Fast Food": 0.018823873938554645,
    "American (Traditional)": 0.016936166588948358,
    "American (New)": 0.016140664723410227,
    "Sandwiches": 0.01613938695887908,
    "Food": 0.015702633921296862,
    "Seafood": 0.013959232738215827
}