{
    "ischain": 0.20256910302267392,
    "Fast Food": 0.08116278825252103,
    "density": 0.06202660681612527,
    "Burgers": 0.041247812419317464,
    "Food": 0.027471480202264146,
    "good_for_dinner": 0.02305336630699579,
    "Food Trucks": 0.022152761361211946,
    "Cafes": 0.020282458333837905,
    "Chicken Wings": 0.02022328062740466,
    "good_for_lunch": 0.018115284102760806
}