{
    "density": 0.12766000761618787,
    "ischain": 0.0841908902622775,
    "good_for_dinner": 0.07052791175916993,
    "good_for_lunch": 0.06385528189745485,
    "Fast Food": 0.03279097074692506,
    "Mexican": 0.02880570505505765,
    "American (Traditional)": 0.01845866753698686,
    "good_for_breakfast": 0.018001530958364046,
    "Food": 0.016381376271306206,
    "Sandwiches": 0.015240940369159977
}