{
    "ischain": 0.16957032919935242,
    "density": 0.07796336696164012,
    "Fast Food": 0.07775581397421341,
    "Food": 0.050387203177444835,
    "Buffets": 0.021678534875026256,
    "Chinese": 0.020354166507589855,
    "Food Trucks": 0.019017830253057744,
    "good_for_dinner": 0.01861057393846019,
    "Specialty Food": 0.01855568561029631,
    "good_for_lunch": 0.017951933569971445
}