{
    "density": 0.1454522975324589,
    "Home Services": 0.030193107591472722,
    "Fashion": 0.02246762285447204,
    "ischain": 0.017935040772845644,
    "Furniture Stores": 0.016928709945383577,
    "High Fidelity Audio Equipment": 0.012619849492182183,
    "Outlet Stores": 0.012522540148092358,
    "Bridal": 0.011252454347784996,
    "Health & Medical": 0.011068016997489733,
    "Local Services": 0.01058704478628813
}