{
    "ischain": 0.1413311132329279,
    "density": 0.09707199327841166,
    "Drugstores": 0.04038121403533386,
    "Department Stores": 0.03142407479121338,
    "Convenience Stores": 0.018089430873547467,
    "Arts & Crafts": 0.018081659914855042,
    "Mobile Phones": 0.01716180867231506,
    "Food": 0.016099920456189912,
    "Discount Store": 0.015490582504608774,
    "Electronics": 0.012987018520415982
}