{
    "density": 0.13781527633441232,
    "ischain": 0.054467020458086705,
    "good_for_dinner": 0.0359263525101086,
    "Fast Food": 0.0320053570730816,
    "good_for_lunch": 0.025586847142502794,
    "Tex-Mex": 0.017955898902494844,
    "Sandwiches": 0.015958958276431758,
    "Food": 0.014686550892934459,
    "American (New)": 0.014603986983959087,
    "Bars": 0.013538652384818035
}