{
    "density": 0.14967100565858335,
    "ischain": 0.11982140773653617,
    "Fast Food": 0.03444855902508483,
    "good_for_dinner": 0.03125978003829964,
    "Cafes": 0.026036264470274326,
    "good_for_lunch": 0.023215665124370934,
    "Burgers": 0.021758647925332428,
    "Korean": 0.02170629448842302,
    "American (Traditional)": 0.01863832816817511,
    "Food": 0.01827897038243621
}