{
    "density": 0.11848254684136425,
    "ischain": 0.06514169996438939,
    "good_for_dinner": 0.06474627639953487,
    "Fast Food": 0.04414854517457398,
    "good_for_lunch": 0.038838261899609455,
    "Food": 0.02463328041028119,
    "American (New)": 0.017555748916797315,
    "American (Traditional)": 0.016714978280146668,
    "Sandwiches": 0.01634501893172765,
    "Barbeque": 0.01501787798334343
}