{
    "density": 0.13548583233659128,
    "ischain": 0.1074301148640325,
    "Fast Food": 0.053145196466922895,
    "Food": 0.03851724723326242,
    "good_for_lunch": 0.02411673199861294,
    "Burgers": 0.02177452175032223,
    "good_for_dinner": 0.01960649493829933,
    "Mediterranean": 0.017540014433961085,
    "Food Trucks": 0.017421259952954227,
    "American (Traditional)": 0.017141052573718143
}