{
    "density": 0.11724438330947183,
    "Vintage & Consignment": 0.041510328807524484,
    "ischain": 0.033151278835469256,
    "Home Services": 0.032520073940683014,
    "Used": 0.02323764026119145,
    "Mobile Phone Repair": 0.012941872281516354,
    "Electronics Repair": 0.0119422555611911,
    "Home & Garden": 0.011801907732804961,
    "Local Services": 0.011480147429426666,
    "Fashion": 0.011274678440351722
}