{
    "ischain": 0.1649601108612505,
    "density": 0.0627228512390399,
    "Drugstores": 0.04894901512163133,
    "Department Stores": 0.0455597914581815,
    "Convenience Stores": 0.030799334043246057,
    "Appliances": 0.02939593454928545,
    "Arts & Entertainment": 0.021658241426749564,
    "Electronics": 0.021418929619346466,
    "Art Galleries": 0.020841500525132183,
    "Grocery": 0.020561581634878267
}