{
    "density": 0.15475068953074028,
    "ischain": 0.02216579837688049,
    "Home Services": 0.021156006841561478,
    "Electronics": 0.01756329257692477,
    "Flea Markets": 0.015209995715499622,
    "Mobile Phones": 0.014100697764679157,
    "Outlet Stores": 0.013979611584238797,
    "Bikes": 0.013245494682658692,
    "Home & Garden": 0.01291082570477725,
    "Telecommunications": 0.010742437596518209
}