{
    "ischain": 0.1598214914041721,
    "Drugstores": 0.0637064805724839,
    "density": 0.047347169976713115,
    "Department Stores": 0.039226438787986866,
    "Convenience Stores": 0.038868904938903055,
    "Mobile Phones": 0.02016115471244241,
    "Electronics": 0.019213056771954742,
    "Grocery": 0.0181231703916311,
    "Appliances": 0.015163223117866458,
    "Food": 0.012851355912060318
}