{
    "density": 0.1069256649741636,
    "Home Services": 0.02739890385057904,
    "Hobby Shops": 0.018272334575168914,
    "ischain": 0.016701403829387017,
    "Health & Medical": 0.016607088877676097,
    "Bars": 0.01605262712158221,
    "Thrift Stores": 0.015774062373441318,
    "Mobile Phones": 0.015251020618785013,
    "Mexican": 0.015098789946984444,
    "Restaurants": 0.012231019911465626
}