{
    "ischain": 0.12424935220444296,
    "density": 0.06562047456726076,
    "Drugstores": 0.03503122951667348,
    "Mobile Phones": 0.030506557467548174,
    "Department Stores": 0.01850701382585007,
    "Art Galleries": 0.015779613896482064,
    "Electronics": 0.014885075666538536,
    "Local Services": 0.013472495391776817,
    "Arts & Entertainment": 0.01174336488215926,
    "Education": 0.01111007341723569
}