{
    "density": 0.13457941594037984,
    "ischain": 0.03235755861587628,
    "Antiques": 0.02759574422136968,
    "Home Services": 0.020669449190191872,
    "Coffee & Tea": 0.019984157202801965,
    "Used": 0.01914748504076555,
    "Vintage & Consignment": 0.016938230953049808,
    "American (New)": 0.014555110128510457,
    "Department Stores": 0.012765692709691214,
    "Bikes": 0.011558431668912829
}