{
    "ischain": 0.12387322444105145,
    "density": 0.054765043727957624,
    "Drugstores": 0.05296276766954115,
    "Department Stores": 0.04596859974263248,
    "Convenience Stores": 0.03893892114390775,
    "Electronics": 0.025834827135235435,
    "Arts & Crafts": 0.02349206796135002,
    "Event Planning & Services": 0.023133702570669174,
    "Arts & Entertainment": 0.022757761233803322,
    "Appliances": 0.019568190542020802
}