{
    "density": 0.20621133769351802,
    "good_for_dinner": 0.04358312924961668,
    "good_for_lunch": 0.03853275105177362,
    "ischain": 0.031657856643420725,
    "Fast Food": 0.02349757269451054,
    "Sandwiches": 0.018320399140452404,
    "American (New)": 0.01726353516124338,
    "Cajun/Creole": 0.016782192932654975,
    "Food": 0.016687372420766844,
    "Breakfast & Brunch": 0.01613552303550479
}