{
    "ischain": 0.14644539884686264,
    "density": 0.10267355411239323,
    "Fast Food": 0.07307021017849755,
    "good_for_lunch": 0.028115030405998862,
    "Burgers": 0.023525054049583334,
    "good_for_dinner": 0.023059690716439585,
    "Food": 0.02040014007508577,
    "Vegan": 0.016614070605128827,
    "Cocktail Bars": 0.01636586470750931,
    "Southern": 0.015470967551560045
}